done,input
yes,"Businettes Köln Club https://www.businettes.com/events/koeln-club, monthly women founders' Stammtisch, last date seen 2023"
no,"Solution Space, Female Founders Meetup Köln https://solutionspace.de/event/female-founders-meetup-koeln/"
yes,"Startup Open Air, Sparkasse KölnBonn Stiftungen https://stiftungen.sparkasse-koelnbonn.de/events/startup-open-air/"
yes,"Female Founders Festival Köln https://www.instagram.com/femalefoundersfestival/, last edition seen 2023"
yes,"Startup Grind Cologne https://www.facebook.com/startupgrindcgn/, founder fireside chats, current status unknown"
yes,"Der größte Pitch der Welt (Startplatz and FAIME), find the 2027 date"
yes,"North Star Nights pitch night https://luma.com/4qhh0v0y, check whether it repeats"
yes,"Kohle meets Kölsch, Vol. 2"
yes,"The Monday Talks https://geheimtipp-koeln.de/event/the-monday-talks-2/, women business owners, possibly Instagram only"
yes,KölnDesign e.V. https://www.koelndesign.de/news-termine
no,Social Impact Lab Bonn https://bonn.socialimpactlab.eu/programme/
yes,"Literaturhaus Köln and the gamescom congress, not checked yet"
yes,"Deutscher Gastro-Gründerpreis winners from Köln, such as NOI (a guest list rather than a source)"
yes,"Founders' Dialogue, Techhub K67, Düsseldorf https://techhubk67.de/en/veranstaltung/founders-dialogue/, founder keynote plus conversation"
yes,Digital Hub Bonn https://digitalhub.de
yes,"SportsInnovation, Düsseldorf https://www.sportsinnovation.de/programm, yearly sport business conference with a startup award"
yes,"NRW names still to check, pages not verified yet: Ruhr:HUB (Essen), RuhrSummit, Gründerallianz Ruhr, Startup Week Düsseldorf, digihub Düsseldorf/Rheinland, AC² Gründungsregion Aachen, RWTH Aachen startup events, REACH Start-up Center Münster, Founders Foundation Bielefeld, TechnologieZentrumDortmund, NRW.BANK events"
